AIIMS New Delhi|New Delhi|Delhi
Indraprastha Apollo Hospitals|New Delhi|Delhi
Max Super Speciality Hospital, Saket|New Delhi|Delhi
BLK-Max Super Speciality Hospital|New Delhi|Delhi
Sir Ganga Ram Hospital|New Delhi|Delhi
Kokilaben Dhirubhai Ambani Hospital|Mumbai|Maharashtra
Lilavati Hospital and Research Centre|Mumbai|Maharashtra
Nanavati Max Super Speciality Hospital|Mumbai|Maharashtra
P. D. Hinduja Hospital|Mumbai|Maharashtra
Jaslok Hospital and Research Centre|Mumbai|Maharashtra
Manipal Hospital, Old Airport Road|Bengaluru|Karnataka
Fortis Hospital, Bannerghatta Road|Bengaluru|Karnataka
Narayana Institute of Cardiac Sciences|Bengaluru|Karnataka
Aster CMI Hospital|Bengaluru|Karnataka
Sakra World Hospital|Bengaluru|Karnataka
Apollo Hospitals, Greams Road|Chennai|Tamil Nadu
MIOT International|Chennai|Tamil Nadu
Kauvery Hospital, Alwarpet|Chennai|Tamil Nadu
SIMS Hospital, Vadapalani|Chennai|Tamil Nadu
MGM Healthcare|Chennai|Tamil Nadu
Apollo Hospitals, Jubilee Hills|Hyderabad|Telangana
KIMS Hospitals, Secunderabad|Hyderabad|Telangana
Yashoda Hospitals, Somajiguda|Hyderabad|Telangana
CARE Hospitals, Banjara Hills|Hyderabad|Telangana
Continental Hospitals, Gachibowli|Hyderabad|Telangana
Apollo Multispeciality Hospitals|Kolkata|West Bengal
Fortis Hospital, Anandapur|Kolkata|West Bengal
AMRI Hospital, Dhakuria|Kolkata|West Bengal
Medica Superspecialty Hospital|Kolkata|West Bengal
Peerless Hospital|Kolkata|West Bengal
Apollo Hospitals, Bhubaneswar|Bhubaneswar|Odisha
SUM Ultimate Medicare|Bhubaneswar|Odisha
KIMS Hospital, Bhubaneswar|Bhubaneswar|Odisha
AMRI Hospital, Bhubaneswar|Bhubaneswar|Odisha
Ruby Hall Clinic|Pune|Maharashtra
Jehangir Hospital|Pune|Maharashtra
Sahyadri Super Speciality Hospital|Pune|Maharashtra
Jupiter Hospital, Baner|Pune|Maharashtra
Apollo Hospitals International|Ahmedabad|Gujarat
Shalby Multispeciality Hospital|Ahmedabad|Gujarat
Zydus Hospitals|Ahmedabad|Gujarat
Marengo CIMS Hospital|Ahmedabad|Gujarat
Sawai Man Singh Hospital|Jaipur|Rajasthan
Fortis Escorts Hospital, Jaipur|Jaipur|Rajasthan
Narayana Multispeciality Hospital|Jaipur|Rajasthan
Manipal Hospital, Jaipur|Jaipur|Rajasthan
Medanta Hospital, Lucknow|Lucknow|Uttar Pradesh
Apollomedics Super Speciality Hospital|Lucknow|Uttar Pradesh
Sanjay Gandhi Postgraduate Institute|Lucknow|Uttar Pradesh
King George Medical University Hospital|Lucknow|Uttar Pradesh
Amrita Hospital, Kochi|Kochi|Kerala
Aster Medcity|Kochi|Kerala
Rajagiri Hospital|Kochi|Kerala
VPS Lakeshore Hospital|Kochi|Kerala
PGIMER Chandigarh|Chandigarh|Chandigarh
Fortis Hospital, Mohali|Mohali|Punjab
Max Super Speciality Hospital, Mohali|Mohali|Punjab
Ivy Hospital, Mohali|Mohali|Punjab
AIIMS Patna|Patna|Bihar
Paras HMRI Hospital|Patna|Bihar
Medanta Hospital, Patna|Patna|Bihar
Ruban Memorial Hospital|Patna|Bihar
AIIMS Bhopal|Bhopal|Madhya Pradesh
Bansal Hospital|Bhopal|Madhya Pradesh
Chirayu Medical College and Hospital|Bhopal|Madhya Pradesh
Bombay Hospital, Indore|Indore|Madhya Pradesh
CHL Hospital|Indore|Madhya Pradesh
Choithram Hospital and Research Centre|Indore|Madhya Pradesh
AIIMS Nagpur|Nagpur|Maharashtra
Wockhardt Hospitals, Nagpur|Nagpur|Maharashtra
Kingsway Hospitals|Nagpur|Maharashtra
Apollo Excelcare Hospital|Guwahati|Assam
GNRC Hospitals|Guwahati|Assam
NEMCARE Super Speciality Hospital|Guwahati|Assam
AIIMS Rishikesh|Rishikesh|Uttarakhand
Max Super Speciality Hospital, Dehradun|Dehradun|Uttarakhand
Synergy Institute of Medical Sciences|Dehradun|Uttarakhand
Medica Hospital, Ranchi|Ranchi|Jharkhand
Paras HEC Hospital|Ranchi|Jharkhand
Orchid Medical Centre|Ranchi|Jharkhand
AIIMS Raipur|Raipur|Chhattisgarh
Ramkrishna CARE Hospitals|Raipur|Chhattisgarh
Shri Balaji Institute of Medical Science|Raipur|Chhattisgarh
Government Medical College Hospital, Jammu|Jammu|Jammu and Kashmir
Shri Mata Vaishno Devi Narayana Hospital|Katra|Jammu and Kashmir
Sher-i-Kashmir Institute of Medical Sciences|Srinagar|Jammu and Kashmir
Paras Health, Srinagar|Srinagar|Jammu and Kashmir
Indira Gandhi Medical College Hospital|Shimla|Himachal Pradesh
AIIMS Bilaspur|Bilaspur|Himachal Pradesh
Manipal Hospitals, Goa|Panaji|Goa
Healthway Hospital, Goa|Panaji|Goa
Apollo Hospitals, Health City|Visakhapatnam|Andhra Pradesh
Medicover Hospitals, Visakhapatnam|Visakhapatnam|Andhra Pradesh
Manipal Hospital, Vijayawada|Vijayawada|Andhra Pradesh
Ramesh Hospitals, Vijayawada|Vijayawada|Andhra Pradesh
Kovai Medical Center and Hospital|Coimbatore|Tamil Nadu
PSG Hospitals|Coimbatore|Tamil Nadu
NEIGRIHMS|Shillong|Meghalaya
Regional Institute of Medical Sciences|Imphal|Manipur
ILS Hospitals, Agartala|Agartala|Tripura
